,ref_id,ra,dec,filename,exp_num,image_id,r50,sersic_n_gim2d,flux,flux_error,aperture_a,aperture_b,aperture_theta,psf_fwhm,filter,aperture_x,aperture_y,I_auto
0,16288,150.76625,1.903497,red_NightlyR11.paucam.12772.1003.0141.FT_NB615_NB685.2469553.std.01.fits,12772,6633881,17.2843,2.7645,2.17221,1.68157,1.10204,0.96795,1.1086,1.18573,NB685,1702.63,4006.15,22.113
1,16369,150.74914,1.887357,red_NightlyR11.paucam.12772.1003.0141.FT_NB615_NB685.2469553.std.01.fits,12772,6633881,17.8686,0.62231,3.14001,1.72178,1.11391,0.896709,-29.1402,1.18573,NB685,1922.86,3773.13,21.959
2,16347,150.74524,1.890816,red_NightlyR11.paucam.12772.1003.0141.FT_NB615_NB685.2469553.std.01.fits,12772,6633881,27.0772,0.60294,7.88781,2.11284,1.36822,1.19272,82.769,1.18573,NB685,1875.28,3720.2,21.113
3,16293,150.74041,1.902196,red_NightlyR11.paucam.12772.1003.0141.FT_NB615_NB685.2469553.std.01.fits,12772,6633881,28.7056,0.99925,10.7879,2.31961,1.42108,1.30514,-4.505,1.18573,NB685,1719.05,3654.75,21.035
4,31214,150.75171,2.020221,red_NightlyR11.paucam.12772.1003.0141.FT_NB615_NB685.2469553.std.01.fits,12772,6633881,26.6861,0.34755,29.9509,2.42963,1.36189,1.26224,60.4797,1.18573,NB685,86.8548,3809.87,20.265
5,31217,150.73916,2.017296,red_NightlyR11.paucam.12772.1003.0141.FT_NB615_NB685.2469553.std.01.fits,12772,6633881,10.8687,1.6721,2.27234,1.68789,0.948423,0.918555,68.0284,1.18573,NB685,126.854,3638.2,22.34
6,31252,150.75779,1.99973,red_NightlyR11.paucam.12772.1003.0141.FT_NB615_NB685.2469553.std.01.fits,12772,6633881,27.2545,1.1657,7.86377,2.07238,1.37143,1.02448,-58.4842,1.18573,NB685,373.087,3892.85,22.603
7,31295,150.75116,1.970871,red_NightlyR11.paucam.12772.1003.0141.FT_NB615_NB685.2469553.std.01.fits,12772,6633881,12.3745,2.9324,3.52108,1.76435,1.15577,0.94446,60.2532,1.18573,NB685,773.446,3802.06,21.708
8,31221,150.75587,2.012662,red_NightlyR11.paucam.12772.1003.0141.FT_NB615_NB685.2469553.std.01.fits,12772,6633881,21.5451,4.0692,10.3548,2.36048,1.45544,1.20775,-75.6673,1.18573,NB685,192.7,3866.72,20.702
9,31302,150.74817,1.967936,red_NightlyR11.paucam.12772.1003.0141.FT_NB615_NB685.2469553.std.01.fits,12772,6633881,7.53981,4.5651,3.18538,1.68324,1.00773,0.976352,-76.8749,1.18573,NB685,813.905,3761.25,22.184
10,31248,150.74971,2.003345,red_NightlyR11.paucam.12772.1003.0141.FT_NB615_NB685.2469553.std.01.fits,12772,6633881,15.7473,1.9674,2.12362,2.14651,1.26714,1.21157,54.8942,1.18573,NB685,322.242,3782.48,21.927
11,31300,150.73932,1.96914,red_NightlyR11.paucam.12772.1003.0141.FT_NB615_NB685.2469553.std.01.fits,12772,6633881,7.28809,3.9694,5.92819,1.61866,1.00176,0.907247,-26.8319,1.18573,NB685,796.646,3640.54,21.515
12,31284,150.73893,1.981729,red_NightlyR11.paucam.12772.1003.0141.FT_NB615_NB685.2469553.std.01.fits,12772,6633881,24.7451,0.73001,7.01618,1.91569,1.30057,0.951526,45.0341,1.18573,NB685,622.088,3635.22,21.579
13,31229,150.73995,2.007538,red_NightlyR11.paucam.12772.1003.0141.FT_NB615_NB685.2469553.std.01.fits,12772,6633881,29.2425,0.72353,5.75011,2.09964,1.43199,0.934112,-24.5514,1.18573,NB685,263.12,3649.07,21.491
14,31236,150.73515,2.00474,red_NightlyR11.paucam.12772.1003.0141.FT_NB615_NB685.2469553.std.01.fits,12772,6633881,12.8893,2.6736,12.7632,1.62963,0.984779,0.880001,-60.7298,1.18573,NB685,301.766,3583.47,20.83
15,31273,150.73048,1.983209,red_NightlyR11.paucam.12772.1003.0141.FT_NB615_NB685.2469553.std.01.fits,12772,6633881,19.8705,0.61056,17.8223,1.79715,1.16192,0.968044,56.3345,1.18573,NB685,600.911,3519.84,20.345
16,31275,150.73054,1.984354,red_NightlyR11.paucam.12772.1003.0141.FT_NB615_NB685.2469553.std.01.fits,12772,6633881,5.86863,4.9265,1.39136,1.42737,0.860984,0.857999,-66.8267,1.18573,NB685,585.018,3520.65,22.312
17,31272,150.73045,1.985537,red_NightlyR11.paucam.12772.1003.0141.FT_NB615_NB685.2469553.std.01.fits,12772,6633881,21.3941,0.46006,8.03693,1.85856,1.20882,0.950685,75.8048,1.18573,NB685,568.581,3519.41,21.175
18,33104,150.72778,1.971059,red_NightlyR11.paucam.12772.1003.0141.FT_NB615_NB685.2469553.std.01.fits,12772,6633881,9.70974,1.6517,1.54387,1.46159,0.92453,0.846094,-87.4262,1.18573,NB685,769.21,3483.06,22.482
19,31259,150.72934,1.995243,red_NightlyR11.paucam.12772.1003.0141.FT_NB615_NB685.2469553.std.01.fits,12772,6633881,9.9031,2.182,4.33151,1.86527,1.08105,1.05092,77.3225,1.18573,NB685,433.562,3504.15,21.466
20,33032,150.72235,1.976299,red_NightlyR11.paucam.12772.1003.0141.FT_NB615_NB685.2469553.std.01.fits,12772,6633881,11.2063,0.2807,3.08766,1.51203,0.952527,0.884596,82.0669,1.18573,NB685,696.137,3408.88,22.174
21,32714,150.72669,2.005034,red_NightlyR11.paucam.12772.1003.0141.FT_NB615_NB685.2469553.std.01.fits,12772,6633881,27.7048,0.79701,8.21211,2.21168,1.38771,1.12075,-76.3606,1.18573,NB685,296.982,3467.78,21.784
22,32715,150.72669,2.004523,red_NightlyR11.paucam.12772.1003.0141.FT_NB615_NB685.2469553.std.01.fits,12772,6633881,24.6001,0.76539,4.68795,2.12075,1.29095,1.10403,19.9157,1.18573,NB685,304.105,3467.79,21.836
23,32994,150.72129,1.977719,red_NightlyR11.paucam.12772.1003.0141.FT_NB615_NB685.2469553.std.01.fits,12772,6633881,9.69422,1.6918,4.57562,1.53643,0.923901,0.879324,59.0603,1.18573,NB685,676.352,3394.39,22.152
24,32773,150.72178,1.999443,red_NightlyR11.paucam.12772.1003.0141.FT_NB615_NB685.2469553.std.01.fits,12772,6633881,9.63782,1.5389,4.48014,1.61981,0.922399,0.885356,75.5517,1.18573,NB685,374.459,3400.74,21.951
25,32962,150.71169,1.980413,red_NightlyR11.paucam.12772.1003.0141.FT_NB615_NB685.2469553.std.01.fits,12772,6633881,12.1013,0.76687,1.86885,1.63597,0.9737,0.905815,-63.8474,1.18573,NB685,638.121,3263.2,22.229
26,32630,150.71261,2.01235,red_NightlyR11.paucam.12772.1003.0141.FT_NB615_NB685.2469553.std.01.fits,12772,6633881,18.8517,0.48545,3.66676,1.87465,1.13552,0.938341,-1.612,1.18573,NB685,193.624,3274.96,22.446
27,32732,150.71044,2.000523,red_NightlyR11.paucam.12772.1003.0141.FT_NB615_NB685.2469553.std.01.fits,12772,6633881,15.9639,0.68391,2.93226,1.72613,1.0623,0.921658,-67.592,1.18573,NB685,358.362,3245.61,21.935
28,32552,150.71013,2.017861,red_NightlyR11.paucam.12772.1003.0141.FT_NB615_NB685.2469553.std.01.fits,12772,6633881,24.0273,0.57256,1.18744,1.98538,1.27923,0.949943,-8.2374,1.18573,NB685,116.383,3240.82,22.117
29,32739,150.6526,2.000862,red_NightlyR11.paucam.12772.1003.0141.FT_NB615_NB685.2469553.std.01.fits,12772,6633881,49.7423,1.7859,16.7613,2.85635,2.10448,1.21216,-47.7789,1.18573,NB685,346.514,2452.89,20.243
30,32912,150.65045,1.982117,red_NightlyR11.paucam.12772.1003.0141.FT_NB615_NB685.2469553.std.01.fits,12772,6633881,23.3072,1.1565,18.3154,2.2516,1.26109,1.23926,44.2575,1.18573,NB685,607.266,2424.76,20.294
31,32844,150.65232,1.991923,red_NightlyR11.paucam.12772.1003.0141.FT_NB615_NB685.2469553.std.01.fits,12772,6633881,35.5752,0.99285,6.73251,2.46646,1.6359,1.12004,-8.1793,1.18573,NB685,471.077,2449.72,21.418
32,32910,150.65329,1.986424,red_NightlyR11.paucam.12772.1003.0141.FT_NB615_NB685.2469553.std.01.fits,12772,6633881,33.58,0.61154,5.39898,2.1951,1.56965,0.896556,65.7487,1.18573,NB685,547.765,2463.42,21.6
33,32889,150.65605,1.986388,red_NightlyR11.paucam.12772.1003.0141.FT_NB615_NB685.2469553.std.01.fits,12772,6633881,19.6579,1.3847,18.6436,1.99166,1.15622,1.05542,87.3304,1.18573,NB685,548.655,2501.29,20.424
34,32621,150.66476,2.011963,red_NightlyR11.paucam.12772.1003.0141.FT_NB615_NB685.2469553.std.01.fits,12772,6633881,10.6796,2.7694,3.55858,1.92805,1.10646,1.04998,-79.6718,1.18573,NB685,193.276,2619.03,21.722
35,32776,150.66642,1.996223,red_NightlyR11.paucam.12772.1003.0141.FT_NB615_NB685.2469553.std.01.fits,12772,6633881,16.5843,0.86495,11.1342,1.93152,1.07901,0.987674,-49.9097,1.18573,NB685,413.15,2642.88,21.479
36,32948,150.66424,1.982279,red_NightlyR11.paucam.12772.1003.0141.FT_NB615_NB685.2469553.std.01.fits,12772,6633881,26.9708,0.7334,2.66004,1.88326,1.36584,0.871198,80.2811,1.18573,NB685,606.903,2613.85,22.442
37,32748,150.66867,1.999417,red_NightlyR11.paucam.12772.1003.0141.FT_NB615_NB685.2469553.std.01.fits,12772,6633881,8.78511,3.8573,2.63265,1.81651,1.04685,0.948316,18.9231,1.18573,NB685,368.937,2673.53,22.225
38,32846,150.67079,1.991091,red_NightlyR11.paucam.12772.1003.0141.FT_NB615_NB685.2469553.std.01.fits,12772,6633881,27.4006,0.83623,4.76399,2.33739,1.37426,1.20453,-85.6024,1.18573,NB685,485.194,2703.1,21.951
39,32837,150.67107,1.992203,red_NightlyR11.paucam.12772.1003.0141.FT_NB615_NB685.2469553.std.01.fits,12772,6633881,7.50014,8.9987,16.5845,1.83089,1.00667,0.978799,-47.744,1.18573,NB685,469.751,2706.88,20.172
40,32838,150.67112,1.990644,red_NightlyR11.paucam.12772.1003.0141.FT_NB615_NB685.2469553.std.01.fits,12772,6633881,7.65737,2.8311,9.06138,1.59015,0.88723,0.879366,58.74,1.18573,NB685,491.458,2707.65,21.12
41,32537,150.68592,2.018475,red_NightlyR11.paucam.12772.1003.0141.FT_NB615_NB685.2469553.std.01.fits,12772,6633881,9.19904,1.0581,4.33291,1.65806,0.91909,0.856171,-62.838,1.18573,NB685,105.054,2908.98,21.955
42,32672,150.6851,2.008216,red_NightlyR11.paucam.12772.1003.0141.FT_NB615_NB685.2469553.std.01.fits,12772,6633881,31.3316,1.0914,3.61102,2.10676,1.50022,0.922588,-83.0432,1.18573,NB685,248.299,2898.3,21.933
43,32717,150.68874,2.004158,red_NightlyR11.paucam.12772.1003.0141.FT_NB615_NB685.2469553.std.01.fits,12772,6633881,31.5159,0.84306,11.631,2.20349,1.5074,0.979052,-68.4741,1.18573,NB685,305.356,2948.38,20.729
44,32589,150.69709,2.014233,red_NightlyR11.paucam.12772.1003.0141.FT_NB615_NB685.2469553.std.01.fits,12772,6633881,11.5162,0.6498,6.65379,1.67017,0.963652,0.896686,-58.5333,1.18573,NB685,165.682,3062.32,21.469
45,32827,150.59899,1.994758,red_NightlyR11.paucam.12772.1003.0141.FT_NB615_NB685.2469553.std.01.fits,12772,6633881,13.9416,2.7661,5.1034,1.86923,1.20854,0.925572,-53.6694,1.18573,NB685,422.49,1715.51,22.09
46,32741,150.6018,2.000808,red_NightlyR11.paucam.12772.1003.0141.FT_NB615_NB685.2469553.std.01.fits,12772,6633881,35.3683,0.65051,1.00304,2.51335,1.62228,1.15548,-16.5636,1.18573,NB685,338.52,1753.56,21.416
47,32584,150.60436,2.015346,red_NightlyR11.paucam.12772.1003.0141.FT_NB615_NB685.2469553.std.01.fits,12772,6633881,11.8443,0.50041,3.33641,1.69588,0.968069,0.875212,-41.4645,1.18573,NB685,135.551,1787.07,22.11
48,32823,150.603,1.994591,red_NightlyR11.paucam.12772.1003.0141.FT_NB615_NB685.2469553.std.01.fits,12772,6633881,22.859,0.61087,2.3262,1.90217,1.25221,0.884601,-11.3898,1.18573,NB685,425.595,1770.87,22.04
49,32607,150.60977,2.013962,red_NightlyR11.paucam.12772.1003.0141.FT_NB615_NB685.2469553.std.01.fits,12772,6633881,28.9279,0.80071,2.57364,2.21078,1.42506,1.03473,60.2412,1.18573,NB685,156.021,1861.94,21.842
50,32875,150.60624,1.99049,red_NightlyR11.paucam.12772.1003.0141.FT_NB615_NB685.2469553.std.01.fits,12772,6633881,28.8264,0.46718,8.67016,2.36673,1.4227,1.21914,-11.3154,1.18573,NB685,483.43,1816.02,22.244
51,32565,150.6161,2.016642,red_NightlyR11.paucam.12772.1003.0141.FT_NB615_NB685.2469553.std.01.fits,12772,6633881,21.5789,0.70746,2.29184,1.86488,1.21209,0.849562,-83.9325,1.18573,NB685,119.7,1948.97,22.108
52,32561,150.61841,2.016172,red_NightlyR11.paucam.12772.1003.0141.FT_NB615_NB685.2469553.std.01.fits,12772,6633881,41.1276,1.6288,23.2716,3.06501,1.81311,1.46729,53.3756,1.18573,NB685,126.724,1980.89,19.9
53,32530,150.62209,2.018089,red_NightlyR11.paucam.12772.1003.0141.FT_NB615_NB685.2469553.std.01.fits,12772,6633881,11.9354,3.747,6.10137,2.03325,1.138,1.03485,-52.3682,1.18573,NB685,100.554,2031.42,21.276
54,32670,150.62063,2.006931,red_NightlyR11.paucam.12772.1003.0141.FT_NB615_NB685.2469553.std.01.fits,12772,6633881,29.8122,2.3763,49.5097,2.66383,1.4521,1.37955,-23.2693,1.18573,NB685,256.475,2012.54,19.084
55,32755,150.6216,2.000599,red_NightlyR11.paucam.12772.1003.0141.FT_NB615_NB685.2469553.std.01.fits,12772,6633881,33.79,0.47337,-0.651014,2.58033,1.58111,1.18383,58.1562,1.18573,NB685,345.133,2026.58,21.783
56,32832,150.62151,1.99318,red_NightlyR11.paucam.12772.1003.0141.FT_NB615_NB685.2469553.std.01.fits,12772,6633881,20.7047,1.4835,28.9289,2.01213,1.19029,0.984736,87.5499,1.18573,NB685,448.653,2026.11,19.766
57,32620,150.63036,2.011349,red_NightlyR11.paucam.12772.1003.0141.FT_NB615_NB685.2469553.std.01.fits,12772,6633881,19.7608,1.7803,-0.259372,2.09373,1.15813,1.01698,51.1625,1.18573,NB685,196.416,2146.11,22.116
58,32547,150.6319,2.017203,red_NightlyR11.paucam.12772.1003.0141.FT_NB615_NB685.2469553.std.01.fits,12772,6633881,18.605,0.50185,2.1724,1.84013,1.13178,0.915634,28.0398,1.18573,NB685,114.743,2166.71,21.936
59,32916,150.62753,1.985724,red_NightlyR11.paucam.12772.1003.0141.FT_NB615_NB685.2469553.std.01.fits,12772,6633881,38.2809,0.58691,26.7077,2.43629,1.71694,1.08349,-31.0419,1.18573,NB685,553.565,2109.65,19.954
60,32917,150.62801,1.985652,red_NightlyR11.paucam.12772.1003.0141.FT_NB615_NB685.2469553.std.01.fits,12772,6633881,12.4096,1.0801,4.32389,1.60436,0.976878,0.871794,61.2713,1.18573,NB685,554.647,2116.26,22.53
61,32763,150.6308,1.998947,red_NightlyR11.paucam.12772.1003.0141.FT_NB615_NB685.2469553.std.01.fits,12772,6633881,22.7568,2.0422,6.37359,2.17344,1.25159,1.13799,-11.8796,1.18573,NB685,369.783,2153.39,21.41
62,32768,150.6353,1.997529,red_NightlyR11.paucam.12772.1003.0141.FT_NB615_NB685.2469553.std.01.fits,12772,6633881,31.5172,0.97316,38.8635,2.26726,1.50743,0.976649,54.3269,1.18573,NB685,390.313,2215.43,19.299
63,32863,150.63604,1.991078,red_NightlyR11.paucam.12772.1003.0141.FT_NB615_NB685.2469553.std.01.fits,12772,6633881,19.8574,0.64962,5.86993,1.84337,1.16141,0.874757,-2.0793,1.18573,NB685,480.369,2226.17,21.849
64,32693,150.64071,2.003432,red_NightlyR11.paucam.12772.1003.0141.FT_NB615_NB685.2469553.std.01.fits,12772,6633881,11.5411,0.77329,12.4786,1.68042,0.963986,0.85687,38.6341,1.18573,NB685,308.803,2289.28,22.43
65,32531,150.64615,2.01813,red_NightlyR11.paucam.12772.1003.0141.FT_NB615_NB685.2469553.std.01.fits,12772,6633881,29.4282,1.2926,0.921957,2.27992,1.43504,1.06773,-28.4837,1.18573,NB685,104.174,2362.77,22.158
66,32804,150.64638,1.996718,red_NightlyR11.paucam.12772.1003.0141.FT_NB615_NB685.2469553.std.01.fits,12772,6633881,16.4478,0.59395,3.83365,1.8129,1.07419,0.965666,45.2556,1.18573,NB685,403.372,2367.78,21.609
67,32646,150.6504,2.010056,red_NightlyR11.paucam.12772.1003.0141.FT_NB615_NB685.2469553.std.01.fits,12772,6633881,14.1556,2.5268,3.73937,1.73559,1.02894,0.884557,-47.1806,1.18573,NB685,217.796,2421.92,21.754
68,32820,150.64799,1.995132,red_NightlyR11.paucam.12772.1003.0141.FT_NB615_NB685.2469553.std.01.fits,12772,6633881,12.7399,2.7255,12.7678,1.7525,0.983381,0.94872,41.5852,1.18573,NB685,425.725,2390.02,20.495
69,32642,150.59537,2.010016,red_NightlyR11.paucam.12772.1003.0141.FT_NB615_NB685.2469553.std.01.fits,12772,6633881,11.54,0.43813,5.44892,1.73026,0.963972,0.919586,35.5112,1.18573,NB685,208.385,1663.55,21.55
70,32632,150.59338,2.011272,red_NightlyR11.paucam.12772.1003.0141.FT_NB615_NB685.2469553.std.01.fits,12772,6633881,22.9004,1.3145,6.10414,2.21576,1.25261,1.13446,-7.4403,1.18573,NB685,190.373,1635.87,21.358
71,32753,150.59125,1.99935,red_NightlyR11.paucam.12772.1003.0141.FT_NB615_NB685.2469553.std.01.fits,12772,6633881,5.55615,1.589,2.40021,1.55583,0.856286,0.843083,-21.9625,1.18573,NB685,356.785,1608.03,22.249
72,32706,150.59072,2.003425,red_NightlyR11.paucam.12772.1003.0141.FT_NB615_NB685.2469553.std.01.fits,12772,6633881,17.3741,0.574,6.02531,1.96261,1.10363,1.03517,-6.0903,1.18573,NB685,299.683,1600.16,21.804
73,32617,150.58894,2.011108,red_NightlyR11.paucam.12772.1003.0141.FT_NB615_NB685.2469553.std.01.fits,12772,6633881,17.8999,2.3241,20.6986,2.05571,1.33983,0.931587,50.3394,1.18573,NB685,191.725,1574.48,19.973
74,32709,150.57928,2.005113,red_NightlyR11.paucam.12772.1003.0141.FT_NB615_NB685.2469553.std.01.fits,12772,6633881,11.5344,1.7047,3.59115,1.75314,0.963896,0.927743,-47.6911,1.18573,NB685,273.602,1441.65,21.427
75,32663,150.57267,2.006151,red_NightlyR11.paucam.12772.1003.0141.FT_NB615_NB685.2469553.std.01.fits,12772,6633881,31.5489,2.7187,14.7317,2.18388,1.50792,0.896835,37.3504,1.18573,NB685,257.578,1349.93,20.212
76,32749,150.5698,2.000778,red_NightlyR11.paucam.12772.1003.0141.FT_NB615_NB685.2469553.std.01.fits,12772,6633881,16.5287,0.5306,1.53132,1.83042,1.07645,0.896087,-38.2136,1.18573,NB685,332.174,1310.98,22.049
77,32661,150.57081,2.007949,red_NightlyR11.paucam.12772.1003.0141.FT_NB615_NB685.2469553.std.01.fits,12772,6633881,12.2961,3.2623,4.81452,2.01422,1.15516,0.98368,8.1235,1.18573,NB685,231.953,1323.87,21.845
78,32821,150.56447,1.995394,red_NightlyR11.paucam.12772.1003.0141.FT_NB615_NB685.2469553.std.01.fits,12772,6633881,10.8504,3.1522,2.09144,1.68835,0.947808,0.899413,-15.7907,1.18573,NB685,406.302,1237.92,22.451
79,32698,150.56219,2.003011,red_NightlyR11.paucam.12772.1003.0141.FT_NB615_NB685.2469553.std.01.fits,12772,6633881,21.4919,1.4484,6.03535,1.93058,1.21089,0.888786,-82.6864,1.18573,NB685,299.139,1205.09,21.283
80,34927,150.54907,2.008106,red_NightlyR11.paucam.12772.1003.0141.FT_NB615_NB685.2469553.std.01.fits,12772,6633881,14.742,1.7839,4.51981,2.11156,1.22993,1.03664,47.1647,1.18573,NB685,224.478,1021.95,21.329
81,34869,150.54472,2.013992,red_NightlyR11.paucam.12772.1003.0141.FT_NB615_NB685.2469553.std.01.fits,12772,6633881,14.4267,3.3078,2.07591,1.74326,1.03229,0.866421,-33.6958,1.18573,NB685,140.684,960.331,22.221
82,35027,150.53999,1.999073,red_NightlyR11.paucam.12772.1003.0141.FT_NB615_NB685.2469553.std.01.fits,12772,6633881,25.297,0.30218,6.93874,2.37313,1.31819,1.17887,83.9202,1.18573,NB685,348.865,897.238,21.534
83,34824,150.53119,2.01522,red_NightlyR11.paucam.12772.1003.0141.FT_NB615_NB685.2469553.std.01.fits,12772,6633881,25.3577,0.56123,3.86545,2.06335,1.31939,0.883254,-65.3293,1.18573,NB685,119.744,771.481,21.655
84,35003,150.52499,2.001224,red_NightlyR11.paucam.12772.1003.0141.FT_NB615_NB685.2469553.std.01.fits,12772,6633881,47.5021,0.91291,8.14008,2.75566,2.02715,0.917711,83.6843,1.18573,NB685,314.726,687.767,22.082
85,34870,150.5243,2.012179,red_NightlyR11.paucam.12772.1003.0141.FT_NB615_NB685.2469553.std.01.fits,12772,6633881,22.7622,2.0944,30.6734,2.33564,1.2517,0.988933,-70.2535,1.18573,NB685,160.589,675.907,19.376
86,34959,150.51689,2.005189,red_NightlyR11.paucam.12772.1003.0141.FT_NB615_NB685.2469553.std.01.fits,12772,6633881,23.3769,0.47254,0.689482,2.34155,1.26522,1.10208,40.8911,1.18573,NB685,256.771,573.82,22.02
87,34929,150.51194,2.007334,red_NightlyR11.paucam.12772.1003.0141.FT_NB615_NB685.2469553.std.01.fits,12772,6633881,22.455,0.46985,5.64135,2.47949,1.49046,1.12829,19.9897,1.18573,NB685,225.179,504.127,21.547
88,34904,150.50737,2.009705,red_NightlyR11.paucam.12772.1003.0141.FT_NB615_NB685.2469553.std.01.fits,12772,6633881,20.3198,0.98039,8.97598,2.21869,1.18205,1.06056,55.9743,1.18573,NB685,190.459,439.617,20.716
89,34923,150.50317,2.004828,red_NightlyR11.paucam.12772.1003.0141.FT_NB615_NB685.2469553.std.01.fits,12772,6633881,15.8045,1.8248,2.48856,1.98962,1.06054,0.933625,-83.451,1.18573,NB685,257.829,381.864,21.677
90,16784,150.6983,1.950034,red_NightlyR11.paucam.12772.1003.0141.FT_NB615_NB685.2469553.std.01.fits,12772,6633881,28.0328,0.72064,13.0925,2.03471,1.40275,1.02368,-18.5957,1.18573,NB685,1057.49,3080.97,20.733
91,18493,150.70133,1.95575,red_NightlyR11.paucam.12772.1003.0141.FT_NB615_NB685.2469553.std.01.fits,12772,6633881,13.8793,3.727,6.49954,1.98244,1.20656,1.13698,-61.1167,1.18573,NB685,978.789,3122.22,20.322
92,16915,150.69847,1.936246,red_NightlyR11.paucam.12772.1003.0141.FT_NB615_NB685.2469553.std.01.fits,12772,6633881,10.8891,0.2,2.04561,1.55982,0.94852,0.84565,-75.1009,1.18573,NB685,1247.77,3083.56,22.288
93,31319,150.70455,1.962506,red_NightlyR11.paucam.12772.1003.0141.FT_NB615_NB685.2469553.std.01.fits,12772,6633881,52.1642,1.4367,12.2597,2.75044,2.18528,1.19053,61.7703,1.18573,NB685,885.641,3166.04,20.719
94,17134,150.70004,1.922409,red_NightlyR11.paucam.12772.1003.0141.FT_NB615_NB685.2469553.std.01.fits,12772,6633881,19.9256,0.59008,9.79503,1.80325,1.16407,0.944484,34.2185,1.18573,NB685,1438.45,3105.16,21.238
95,17042,150.70665,1.93061,red_NightlyR11.paucam.12772.1003.0141.FT_NB615_NB685.2469553.std.01.fits,12772,6633881,7.92228,3.0275,4.7917,1.68885,1.02899,0.966321,63.0098,1.18573,NB685,1326.15,3195.19,21.661
96,16989,150.71227,1.934704,red_NightlyR11.paucam.12772.1003.0141.FT_NB615_NB685.2469553.std.01.fits,12772,6633881,15.6651,3.9177,8.90129,1.97904,1.26321,1.08369,66.5947,1.18573,NB685,1270.22,3271.77,20.68
97,16872,150.72013,1.941283,red_NightlyR11.paucam.12772.1003.0141.FT_NB615_NB685.2469553.std.01.fits,12772,6633881,45.1607,0.80027,6.39503,2.42366,1.9507,0.966136,-1.8096,1.18573,NB685,1180.17,3378.88,21.45
98,16234,150.73105,1.945757,red_NightlyR11.paucam.12772.1003.0141.FT_NB615_NB685.2469553.std.01.fits,12772,6633881,13.8581,0.67716,4.3989,1.61774,1.01326,0.870668,-10.3877,1.18573,NB685,1119.28,3527.73,22.385
99,16236,150.74262,1.946791,red_NightlyR11.paucam.12772.1003.0141.FT_NB615_NB685.2469553.std.01.fits,12772,6633881,11.4873,3.4294,12.1222,1.87873,1.13005,1.03415,4.263,1.18573,NB685,1105.81,3685.41,20.892
100,16261,150.73992,1.93056,red_NightlyR11.paucam.12772.1003.0141.FT_NB615_NB685.2469553.std.01.fits,12772,6633881,22.8193,0.58639,9.17292,1.85826,1.252,0.963547,0.6867,1.18573,NB685,1329.33,3648.47,21.095
101,16241,150.74453,1.941735,red_NightlyR11.paucam.12772.1003.0141.FT_NB615_NB685.2469553.std.01.fits,12772,6633881,12.5555,0.96981,8.04352,1.61794,0.979048,0.889437,-54.93,1.18573,NB685,1175.67,3711.38,21.802
102,17490,150.68582,1.885732,red_NightlyR11.paucam.12772.1003.0141.FT_NB615_NB685.2469553.std.01.fits,12772,6633881,11.5693,3.4141,20.7454,1.89247,1.1319,0.983153,-18.2654,1.18573,NB685,1940.64,2911.72,20.25
103,17404,150.70754,1.896187,red_NightlyR11.paucam.12772.1003.0141.FT_NB615_NB685.2469553.std.01.fits,12772,6633881,45.0036,0.41289,9.56759,2.95528,1.94498,1.60875,-10.0769,1.18573,NB685,1799.15,3207.46,21.257
104,17367,150.71898,1.897709,red_NightlyR11.paucam.12772.1003.0141.FT_NB615_NB685.2469553.std.01.fits,12772,6633881,8.56422,2.356,5.36479,1.65664,1.03639,1.00442,-54.3935,1.18573,NB685,1779.14,3363.17,21.424
105,17440,150.7263,1.89342,red_NightlyR11.paucam.12772.1003.0141.FT_NB615_NB685.2469553.std.01.fits,12772,6633881,24.9896,0.7055,8.88314,1.92257,1.30526,1.06687,78.563,1.18573,NB685,1838.43,3462.71,20.855
106,16284,150.72879,1.896737,red_NightlyR11.paucam.12772.1003.0141.FT_NB615_NB685.2469553.std.01.fits,12772,6633881,13.2029,0.65207,1.00315,1.56025,0.994134,0.941234,-83.7731,1.18573,NB685,1793.15,3496.62,22.142
107,16292,150.73723,1.900768,red_NightlyR11.paucam.12772.1003.0141.FT_NB615_NB685.2469553.std.01.fits,12772,6633881,21.3617,0.74165,3.61877,1.76358,1.20804,0.920355,56.2252,1.18573,NB685,1738.43,3611.48,22.19
108,16295,150.73829,1.901538,red_NightlyR11.paucam.12772.1003.0141.FT_NB615_NB685.2469553.std.01.fits,12772,6633881,12.4894,2.4332,2.6606,1.54054,0.977319,0.893884,10.3852,1.18573,NB685,1727.94,3625.9,22.34
109,16279,150.74375,1.906882,red_NightlyR11.paucam.12772.1003.0141.FT_NB615_NB685.2469553.std.01.fits,12772,6633881,26.1068,0.86117,31.5414,1.8894,1.34534,0.903202,-42.9569,1.18573,NB685,1654.98,3700.26,19.854
110,16713,150.64392,1.956387,red_NightlyR11.paucam.12772.1003.0141.FT_NB615_NB685.2469553.std.01.fits,12772,6633881,12.2547,1.8378,2.83687,1.84088,1.15369,0.968172,34.3238,1.18573,NB685,963.345,2336.93,21.983
111,16827,150.64323,1.947964,red_NightlyR11.paucam.12772.1003.0141.FT_NB615_NB685.2469553.std.01.fits,12772,6633881,15.2059,0.35809,1.87135,1.73839,1.04473,0.936024,44.024,1.18573,NB685,1079.8,2327.98,22.39
112,33073,150.64763,1.972196,red_NightlyR11.paucam.12772.1003.0141.FT_NB615_NB685.2469553.std.01.fits,12772,6633881,34.2969,1.3842,8.15468,2.05553,1.58715,0.89789,2.237,1.18573,NB685,744.692,2386.76,20.791
113,16750,150.64463,1.95316,red_NightlyR11.paucam.12772.1003.0141.FT_NB615_NB685.2469553.std.01.fits,12772,6633881,24.8876,3.7491,40.5462,2.51439,1.57376,1.27095,-20.8177,1.18573,NB685,1008.11,2346.86,19.384
114,16751,150.64527,1.952326,red_NightlyR11.paucam.12772.1003.0141.FT_NB615_NB685.2469553.std.01.fits,12772,6633881,21.4182,0.8837,2.87417,1.87415,1.20941,0.983712,46.6356,1.18573,NB685,1019.74,2355.68,21.733
115,33153,150.64845,1.96511,red_NightlyR11.paucam.12772.1003.0141.FT_NB615_NB685.2469553.std.01.fits,12772,6633881,17.297,3.6433,3.07929,1.76632,1.10212,0.942512,-31.7468,1.18573,NB685,843.107,2398.47,21.657
116,33135,150.64947,1.96718,red_NightlyR11.paucam.12772.1003.0141.FT_NB615_NB685.2469553.std.01.fits,12772,6633881,17.7205,1.5794,-0.378883,1.80554,1.10776,0.978381,-6.2205,1.18573,NB685,814.544,2412.32,22.26
117,33109,150.65012,1.969795,red_NightlyR11.paucam.12772.1003.0141.FT_NB615_NB685.2469553.std.01.fits,12772,6633881,9.78844,3.4394,7.85915,1.8035,1.0751,0.973375,-38.6077,1.18573,NB685,778.36,2421.07,20.937
118,16954,150.64562,1.936812,red_NightlyR11.paucam.12772.1003.0141.FT_NB615_NB685.2469553.std.01.fits,12772,6633881,15.9526,3.8202,4.26026,1.73598,1.06182,0.964897,84.8873,1.18573,NB685,1234.19,2361.34,21.425
119,33160,150.6534,1.964454,red_NightlyR11.paucam.12772.1003.0141.FT_NB615_NB685.2469553.std.01.fits,12772,6633881,20.5094,1.4315,4.21879,1.95344,1.18475,1.06809,59.8789,1.18573,NB685,852.87,2466.36,21.586
120,16976,150.64838,1.932171,red_NightlyR11.paucam.12772.1003.0141.FT_NB615_NB685.2469553.std.01.fits,12772,6633881,11.6317,3.0909,5.21321,1.6291,0.965244,0.901134,-75.5236,1.18573,NB685,1298.57,2399.35,22.123
121,16977,150.64837,1.931793,red_NightlyR11.paucam.12772.1003.0141.FT_NB615_NB685.2469553.std.01.fits,12772,6633881,13.1434,0.8991,9.71348,1.65277,0.991605,0.893406,-29.0656,1.18573,NB685,1303.78,2399.23,21.057
122,33027,150.65558,1.970023,red_NightlyR11.paucam.12772.1003.0141.FT_NB615_NB685.2469553.std.01.fits,12772,6633881,20.2154,1.4371,3.78106,1.74174,1.17799,0.883696,86.0364,1.18573,NB685,775.937,2495.9,21.832
123,16973,150.64956,1.934842,red_NightlyR11.paucam.12772.1003.0141.FT_NB615_NB685.2469553.std.01.fits,12772,6633881,12.4062,3.3752,3.58985,1.99981,1.15598,1.08109,-35.6757,1.18573,NB685,1261.87,2415.37,21.414
124,16876,150.65187,1.94297,red_NightlyR11.paucam.12772.1003.0141.FT_NB615_NB685.2469553.std.01.fits,12772,6633881,38.5782,1.1163,12.0264,2.57286,1.73018,1.26912,-86.9567,1.18573,NB685,1149.94,2446.59,21.132
125,16820,150.65378,1.948186,red_NightlyR11.paucam.12772.1003.0141.FT_NB615_NB685.2469553.std.01.fits,12772,6633881,10.6838,1.1692,1.81301,1.62879,0.942202,0.835038,-75.4518,1.18573,NB685,1078.1,2472.47,22.282
126,16875,150.65265,1.941103,red_NightlyR11.paucam.12772.1003.0141.FT_NB615_NB685.2469553.std.01.fits,12772,6633881,23.2936,0.52018,3.83431,2.08622,1.26028,1.15622,-18.6566,1.18573,NB685,1175.83,2457.36,21.175
127,33020,150.65908,1.974322,red_NightlyR11.paucam.12772.1003.0141.FT_NB615_NB685.2469553.std.01.fits,12772,6633881,42.5123,3.203,92.8798,3.83968,2.24587,1.8801,-58.8151,1.18573,NB685,716.746,2543.6,18.577
128,31318,150.65656,1.961432,red_NightlyR11.paucam.12772.1003.0141.FT_NB615_NB685.2469553.std.01.fits,12772,6633881,9.77433,3.3028,22.0207,1.85817,1.07457,1.0383,38.2117,1.18573,NB685,895.158,2509.82,20.131
129,17036,150.65717,1.93043,red_NightlyR11.paucam.12772.1003.0141.FT_NB615_NB685.2469553.std.01.fits,12772,6633881,17.3207,0.62659,6.94465,1.80092,1.1025,0.984064,-25.3175,1.18573,NB685,1323.63,2519.68,21.416
130,17094,150.66142,1.923339,red_NightlyR11.paucam.12772.1003.0141.FT_NB615_NB685.2469553.std.01.fits,12772,6633881,6.60241,6.477,2.72676,1.51921,0.872682,0.856635,-79.8343,1.18573,NB685,1421.82,2578.05,21.314
131,16898,150.66484,1.941416,red_NightlyR11.paucam.12772.1003.0141.FT_NB615_NB685.2469553.std.01.fits,12772,6633881,16.8496,0.74137,4.27625,1.82959,1.08259,1.05443,17.0462,1.18573,NB685,1172.97,2624.11,21.628
132,17096,150.663,1.924123,red_NightlyR11.paucam.12772.1003.0141.FT_NB615_NB685.2469553.std.01.fits,12772,6633881,13.7222,1.9758,3.66128,1.6147,1.00873,0.854255,-66.5219,1.18573,NB685,1411.2,2599.61,22.03
133,16831,150.67526,1.94701,red_NightlyR11.paucam.12772.1003.0141.FT_NB615_NB685.2469553.std.01.fits,12772,6633881,28.0731,0.73435,9.17411,1.91232,1.40336,0.899902,58.6798,1.18573,NB685,1096.89,2766.34,21.148
134,31326,150.68349,1.960414,red_NightlyR11.paucam.12772.1003.0141.FT_NB615_NB685.2469553.std.01.fits,12772,6633881,20.8624,0.65537,2.47726,1.77007,1.19274,0.861309,54.8217,1.18573,NB685,912.459,2878.36,22.285
135,16723,150.69387,1.956092,red_NightlyR11.paucam.12772.1003.0141.FT_NB615_NB685.2469553.std.01.fits,12772,6633881,14.8057,0.59264,9.98169,1.75809,1.03531,1.01221,10.2771,1.18573,NB685,973.334,3020.34,21.439
136,17286,150.63588,1.908506,red_NightlyR11.paucam.12772.1003.0141.FT_NB615_NB685.2469553.std.01.fits,12772,6633881,32.6257,0.62654,2.74652,2.00442,1.53733,0.941021,9.1934,1.18573,NB685,1622.97,2229.39,22.105
137,17468,150.63493,1.890364,red_NightlyR11.paucam.12772.1003.0141.FT_NB615_NB685.2469553.std.01.fits,12772,6633881,63.7274,0.70825,69.7454,3.15265,2.58478,1.19323,51.4848,1.18573,NB685,1872.09,2217.11,18.976
138,17162,150.63989,1.919485,red_NightlyR11.paucam.12772.1003.0141.FT_NB615_NB685.2469553.std.01.fits,12772,6633881,55.5615,0.45492,5.53102,2.7277,2.30232,1.05036,-68.6863,1.18573,NB685,1472.36,2283.76,21.53
139,17163,150.64033,1.919791,red_NightlyR11.paucam.12772.1003.0141.FT_NB615_NB685.2469553.std.01.fits,12772,6633881,18.0931,3.4759,5.06818,2.17521,1.34483,1.20058,-53.0428,1.18573,NB685,1468.2,2289.77,21.462
140,17164,150.64064,1.919367,red_NightlyR11.paucam.12772.1003.0141.FT_NB615_NB685.2469553.std.01.fits,12772,6633881,22.9977,2.63,3.84487,1.88852,1.25392,0.939691,26.0201,1.18573,NB685,1474.08,2294.03,22.022
141,17260,150.64585,1.913202,red_NightlyR11.paucam.12772.1003.0141.FT_NB615_NB685.2469553.std.01.fits,12772,6633881,8.63251,3.1574,0.92028,1.65039,1.03786,0.926252,52.2998,1.18573,NB685,1559.56,2365.58,21.71
142,17324,150.64866,1.902388,red_NightlyR11.paucam.12772.1003.0141.FT_NB615_NB685.2469553.std.01.fits,12772,6633881,14.6717,0.40036,8.47852,1.75353,1.03471,0.997331,-43.9709,1.18573,NB685,1708.54,2404.4,21.018
143,17129,150.65353,1.922677,red_NightlyR11.paucam.12772.1003.0141.FT_NB615_NB685.2469553.std.01.fits,12772,6633881,17.5261,1.3354,1.28982,1.84336,1.10596,1.03507,-64.288,1.18573,NB685,1430.04,2470.22,22.102
144,17547,150.64739,1.884573,red_NightlyR11.paucam.12772.1003.0141.FT_NB615_NB685.2469553.std.01.fits,12772,6633881,23.1539,0.97225,-1.46662,2.04176,1.25835,0.981793,-10.5483,1.18573,NB685,1952.87,2387.58,21.869
145,17320,150.65351,1.906081,red_NightlyR11.paucam.12772.1003.0141.FT_NB615_NB685.2469553.std.01.fits,12772,6633881,34.8617,1.032,5.2697,2.36394,1.60915,1.19028,-23.7748,1.18573,NB685,1658.34,2470.55,21.168
146,17269,150.65613,1.911593,red_NightlyR11.paucam.12772.1003.0141.FT_NB615_NB685.2469553.std.01.fits,12772,6633881,14.7939,1.4704,3.95182,1.595,1.03526,0.884514,-9.1212,1.18573,NB685,1582.86,2506.17,21.552
147,17464,150.65305,1.891378,red_NightlyR11.paucam.12772.1003.0141.FT_NB615_NB685.2469553.std.01.fits,12772,6633881,33.3177,1.2835,-0.291838,2.07704,1.5654,0.963615,42.9608,1.18573,NB685,1860.15,2464.7,22.337
148,17463,150.65564,1.890664,red_NightlyR11.paucam.12772.1003.0141.FT_NB615_NB685.2469553.std.01.fits,12772,6633881,14.1672,0.82512,2.67323,1.60168,1.02897,0.917432,3.3397,1.18573,NB685,1870.21,2500.08,21.828
149,17326,150.66547,1.905658,red_NightlyR11.paucam.12772.1003.0141.FT_NB615_NB685.2469553.std.01.fits,12772,6633881,12.6861,0.62351,4.04533,1.58795,0.983004,0.914579,-10.8597,1.18573,NB685,1665.42,2633.9,22.456
150,17510,150.66874,1.888481,red_NightlyR11.paucam.12772.1003.0141.FT_NB615_NB685.2469553.std.01.fits,12772,6633881,25.1862,1.6681,3.08978,1.82393,1.31732,0.894916,20.303,1.18573,NB685,1901.43,2678.88,22.184
151,17211,150.67629,1.915718,red_NightlyR11.paucam.12772.1003.0141.FT_NB615_NB685.2469553.std.01.fits,12772,6633881,17.3697,0.50248,3.64766,1.84268,1.10353,1.03306,-30.2682,1.18573,NB685,1528.26,2781.34,22.344
152,17264,150.67982,1.912288,red_NightlyR11.paucam.12772.1003.0141.FT_NB615_NB685.2469553.std.01.fits,12772,6633881,27.2676,0.92969,10.0625,1.94994,1.3716,0.977281,-89.4601,1.18573,NB685,1575.76,2829.58,21.725
153,17471,150.67714,1.890327,red_NightlyR11.paucam.12772.1003.0141.FT_NB615_NB685.2469553.std.01.fits,12772,6633881,17.329,1.2545,12.6337,1.88735,1.10268,1.09211,-65.7253,1.18573,NB685,1876.91,2793.39,20.882
154,17202,150.68257,1.918022,red_NightlyR11.paucam.12772.1003.0141.FT_NB615_NB685.2469553.std.01.fits,12772,6633881,24.3762,0.52999,8.42898,1.84009,1.28591,0.882525,43.9395,1.18573,NB685,1497.19,2866.98,22.005
155,33128,150.64364,1.967425,red_NightlyR11.paucam.12772.1003.0141.FT_NB615_NB685.2469553.std.01.fits,12772,6633881,41.6221,1.4022,20.5707,2.38762,1.82754,1.00252,38.1003,1.18573,NB685,810.332,2332.36,20.014
156,33035,150.6398,1.975949,red_NightlyR11.paucam.12772.1003.0141.FT_NB615_NB685.2469553.std.01.fits,12772,6633881,48.727,0.72865,12.272,2.61458,2.06245,1.0548,88.2625,1.18573,NB685,691.44,2279.05,20.853
157,16901,150.63039,1.940993,red_NightlyR11.paucam.12772.1003.0141.FT_NB615_NB685.2469553.std.01.fits,12772,6633881,48.7725,0.4959,5.3665,2.57071,2.06407,1.08379,17.1087,1.18573,NB685,1174.41,2152.41,21.576
158,32996,150.637,1.979897,red_NightlyR11.paucam.12772.1003.0141.FT_NB615_NB685.2469553.std.01.fits,12772,6633881,40.2344,0.88461,5.75727,2.29713,1.7891,0.973369,-38.0372,1.18573,NB685,636.143,2240.3,22.214
159,16736,150.63088,1.953888,red_NightlyR11.paucam.12772.1003.0141.FT_NB615_NB685.2469553.std.01.fits,12772,6633881,12.0491,3.4246,5.48852,1.82236,1.14528,0.948556,59.3287,1.18573,NB685,996.106,2158.25,21.301
160,16986,150.62168,1.934421,red_NightlyR11.paucam.12772.1003.0141.FT_NB615_NB685.2469553.std.01.fits,12772,6633881,17.5775,3.5211,4.91855,1.7319,1.10648,0.89051,-43.7777,1.18573,NB685,1263.97,2033.37,21.569
161,33047,150.62609,1.975203,red_NightlyR11.paucam.12772.1003.0141.FT_NB615_NB685.2469553.std.01.fits,12772,6633881,17.9647,0.32113,8.39465,1.89722,1.11713,1.06678,-21.6188,1.18573,NB685,699.689,2090.79,21.248
162,16812,150.61818,1.949487,red_NightlyR11.paucam.12772.1003.0141.FT_NB615_NB685.2469553.std.01.fits,12772,6633881,10.5592,4.0027,6.93203,1.85098,1.1048,1.04307,15.943,1.18573,NB685,1055.14,1984.23,21.29
163,16757,150.61762,1.953881,red_NightlyR11.paucam.12772.1003.0141.FT_NB615_NB685.2469553.std.01.fits,12772,6633881,10.0132,1.3148,3.62921,1.54272,0.932211,0.884619,-28.859,1.18573,NB685,994.207,1976.18,21.411
164,16790,150.61441,1.948204,red_NightlyR11.paucam.12772.1003.0141.FT_NB615_NB685.2469553.std.01.fits,12772,6633881,31.8856,0.53334,2.23084,2.22134,1.51505,1.05518,-72.1866,1.18573,NB685,1072.32,1932.54,22.491
165,16930,150.60373,1.936804,red_NightlyR11.paucam.12772.1003.0141.FT_NB615_NB685.2469553.std.01.fits,12772,6633881,16.5598,0.28525,5.89669,1.93518,1.07789,0.963315,-40.0421,1.18573,NB685,1228.36,1786.67,21.704
166,32942,150.60397,1.983606,red_NightlyR11.paucam.12772.1003.0141.FT_NB615_NB685.2469553.std.01.fits,12772,6633881,10.128,2.5212,2.63286,1.57667,0.933124,0.861347,83.1913,1.18573,NB685,578.969,1785.5,22.102
167,16786,150.59606,1.950742,red_NightlyR11.paucam.12772.1003.0141.FT_NB615_NB685.2469553.std.01.fits,12772,6633881,10.2437,1.0492,1.35631,1.66014,0.934133,0.910097,23.9298,1.18573,NB685,1034.19,1679.91,22.264
168,16859,150.59301,1.944137,red_NightlyR11.paucam.12772.1003.0141.FT_NB615_NB685.2469553.std.01.fits,12772,6633881,16.5,1.1059,4.27697,1.82222,1.07513,0.983549,65.9816,1.18573,NB685,1125.16,1638.54,22.344
169,33110,150.59674,1.969547,red_NightlyR11.paucam.12772.1003.0141.FT_NB615_NB685.2469553.std.01.fits,12772,6633881,27.7057,0.44944,3.05667,2.19572,1.38786,1.12245,-38.5414,1.18573,NB685,773.297,1687.37,22.143
170,16988,150.59,1.934626,red_NightlyR11.paucam.12772.1003.0141.FT_NB615_NB685.2469553.std.01.fits,12772,6633881,24.7465,1.094,6.46607,2.04729,1.30062,1.02706,-18.1058,1.18573,NB685,1256.27,1597.97,22.149
171,16923,150.58549,1.938582,red_NightlyR11.paucam.12772.1003.0141.FT_NB615_NB685.2469553.std.01.fits,12772,6633881,23.257,3.0471,28.1029,2.21655,1.25979,1.20713,58.5002,1.18573,NB685,1200.78,1535.48,19.92
172,17431,150.57894,1.894255,red_NightlyR11.paucam.12772.1003.0141.FT_NB615_NB685.2469553.std.01.fits,12772,6633881,23.4931,0.80178,7.79062,1.96983,1.26847,0.956017,-69.9163,1.18573,NB685,1811.35,1448.99,21.038
173,17158,150.58525,1.916627,red_NightlyR11.paucam.12772.1003.0141.FT_NB615_NB685.2469553.std.01.fits,12772,6633881,16.2518,5.0827,49.5987,2.31274,1.27865,1.15998,70.1793,1.18573,NB685,1504.09,1534.12,19.017
174,17271,150.58457,1.911316,red_NightlyR11.paucam.12772.1003.0141.FT_NB615_NB685.2469553.std.01.fits,12772,6633881,24.4674,1.3564,6.89044,1.90105,1.28862,0.899019,54.9033,1.18573,NB685,1577.23,1525.19,21.294
175,17291,150.59162,1.909161,red_NightlyR11.paucam.12772.1003.0141.FT_NB615_NB685.2469553.std.01.fits,12772,6633881,11.2946,1.8703,6.18171,1.86845,1.12602,1.03509,30.6708,1.18573,NB685,1608.0,1622.32,22.009
176,17477,150.58906,1.889898,red_NightlyR11.paucam.12772.1003.0141.FT_NB615_NB685.2469553.std.01.fits,12772,6633881,13.1119,2.1506,2.66553,1.60288,0.990394,0.855236,42.2403,1.18573,NB685,1872.71,1588.43,22.231
177,17378,150.59115,1.899622,red_NightlyR11.paucam.12772.1003.0141.FT_NB615_NB685.2469553.std.01.fits,12772,6633881,22.6143,0.75617,1.07444,1.73031,1.24552,0.857414,57.0711,1.18573,NB685,1739.27,1616.52,22.421
178,17446,150.59023,1.892258,red_NightlyR11.paucam.12772.1003.0141.FT_NB615_NB685.2469553.std.01.fits,12772,6633881,14.4383,2.9372,-0.172377,1.60507,1.03255,0.874357,71.1247,1.18573,NB685,1840.43,1604.36,22.309
179,17253,150.59693,1.914086,red_NightlyR11.paucam.12772.1003.0141.FT_NB615_NB685.2469553.std.01.fits,12772,6633881,26.6105,0.84522,13.355,2.01128,1.359,0.955175,31.0479,1.18573,NB685,1540.92,1694.95,20.346
180,17475,150.59443,1.894232,red_NightlyR11.paucam.12772.1003.0141.FT_NB615_NB685.2469553.std.01.fits,12772,6633881,6.02586,2.9298,9.85988,1.61855,0.965627,0.913967,-58.2705,1.18573,NB685,1813.87,1661.93,21.325
181,17436,150.59593,1.892596,red_NightlyR11.paucam.12772.1003.0141.FT_NB615_NB685.2469553.std.01.fits,12772,6633881,6.1222,5.0128,4.98278,1.46714,0.867298,0.850856,-72.5109,1.18573,NB685,1836.57,1682.63,21.765
182,17466,150.59785,1.891152,red_NightlyR11.paucam.12772.1003.0141.FT_NB615_NB685.2469553.std.01.fits,12772,6633881,18.648,1.3568,3.70377,1.73501,1.13199,0.884479,5.5068,1.18573,NB685,1856.68,1709.07,21.723
183,17410,150.61186,1.897059,red_NightlyR11.paucam.12772.1003.0141.FT_NB615_NB685.2469553.std.01.fits,12772,6633881,6.8157,5.5444,2.98293,1.62178,0.983296,0.950122,-15.6313,1.18573,NB685,1777.34,1900.94,22.069
184,17534,150.61642,1.884445,red_NightlyR11.paucam.12772.1003.0141.FT_NB615_NB685.2469553.std.01.fits,12772,6633881,23.6901,0.8105,1.55459,1.78246,1.27188,0.860862,19.6386,1.18573,NB685,1951.14,1964.02,22.297
185,17401,150.62246,1.895554,red_NightlyR11.paucam.12772.1003.0141.FT_NB615_NB685.2469553.std.01.fits,12772,6633881,23.4943,1.2122,9.21777,1.90135,1.2685,1.02916,-66.0479,1.18573,NB685,1799.36,2046.25,21.593
186,17301,150.63113,1.907515,red_NightlyR11.paucam.12772.1003.0141.FT_NB615_NB685.2469553.std.01.fits,12772,6633881,33.8922,1.0281,4.85154,2.27624,1.58201,1.02383,89.0197,1.18573,NB685,1636.02,2164.41,22.111
187,17341,150.63158,1.904036,red_NightlyR11.paucam.12772.1003.0141.FT_NB615_NB685.2469553.std.01.fits,12772,6633881,20.4137,0.87541,4.59507,1.92178,1.18285,1.07025,63.5047,1.18573,NB685,1683.91,2170.73,22.426
188,17114,150.63596,1.924652,red_NightlyR11.paucam.12772.1003.0141.FT_NB615_NB685.2469553.std.01.fits,12772,6633881,17.8786,0.79755,1.9662,1.68239,1.11426,0.87477,-56.4284,1.18573,NB685,1400.68,2229.7,22.381
189,16924,150.5841,1.939088,red_NightlyR11.paucam.12772.1003.0141.FT_NB615_NB685.2469553.std.01.fits,12772,6633881,15.9388,1.2965,2.19247,1.93704,1.27134,0.966206,1.4908,1.18573,NB685,1193.54,1516.28,22.33
190,16721,150.58637,1.955875,red_NightlyR11.paucam.12772.1003.0141.FT_NB615_NB685.2469553.std.01.fits,12772,6633881,11.0093,1.7038,4.05026,1.57629,0.948676,0.856647,6.2798,1.18573,NB685,961.301,1545.86,21.902
191,31324,150.58561,1.960222,red_NightlyR11.paucam.12772.1003.0141.FT_NB615_NB685.2469553.std.01.fits,12772,6633881,7.1959,4.0807,2.92218,1.70675,0.995575,0.974741,-55.4947,1.18573,NB685,900.82,1534.9,21.754
192,18479,150.58496,1.958457,red_NightlyR11.paucam.12772.1003.0141.FT_NB615_NB685.2469553.std.01.fits,12772,6633881,22.6607,0.63181,4.86759,1.91539,1.24936,0.946635,14.062,1.18573,NB685,925.206,1526.13,21.929
193,16726,150.57972,1.954496,red_NightlyR11.paucam.12772.1003.0141.FT_NB615_NB685.2469553.std.01.fits,12772,6633881,22.5595,0.75196,6.60846,2.13057,1.24054,1.12296,-45.6417,1.18573,NB685,979.216,1454.27,21.197
194,16885,150.57673,1.942484,red_NightlyR11.paucam.12772.1003.0141.FT_NB615_NB685.2469553.std.01.fits,12772,6633881,13.6241,0.90483,8.0599,1.70383,1.00659,0.895168,36.5651,1.18573,NB685,1145.22,1414.31,21.911
195,16716,150.57193,1.955843,red_NightlyR11.paucam.12772.1003.0141.FT_NB615_NB685.2469553.std.01.fits,12772,6633881,17.7299,2.6397,24.5614,2.07575,1.32913,0.964692,63.6507,1.18573,NB685,959.043,1346.55,19.675
196,32869,150.57461,1.988385,red_NightlyR11.paucam.12772.1003.0141.FT_NB615_NB685.2469553.std.01.fits,12772,6633881,16.059,2.2427,14.9024,1.80073,1.0663,0.881337,-59.7928,1.18573,NB685,506.494,1379.41,20.17
197,32930,150.57113,1.983144,red_NightlyR11.paucam.12772.1003.0141.FT_NB615_NB685.2469553.std.01.fits,12772,6633881,15.3263,0.91261,2.81682,1.80303,1.04916,0.943103,-45.3201,1.18573,NB685,578.902,1331.97,21.76
198,18643,150.55993,1.949199,red_NightlyR11.paucam.12772.1003.0141.FT_NB615_NB685.2469553.std.01.fits,12772,6633881,19.9765,1.7127,13.278,1.89948,1.16605,0.945966,5.3172,1.18573,NB685,1048.93,1181.46,20.467
199,33214,150.55683,1.960799,red_NightlyR11.paucam.12772.1003.0141.FT_NB615_NB685.2469553.std.01.fits,12772,6633881,29.8568,0.36895,6.47001,2.11524,1.45241,0.963505,51.005,1.18573,NB685,887.134,1137.05,21.416
200,18586,150.55526,1.953951,red_NightlyR11.paucam.12772.1003.0141.FT_NB615_NB685.2469553.std.01.fits,12772,6633881,49.4793,1.1356,26.028,3.26317,2.09266,1.55478,84.2678,1.18573,NB685,982.001,1116.22,20.068
201,35393,150.55639,1.971485,red_NightlyR11.paucam.12772.1003.0141.FT_NB615_NB685.2469553.std.01.fits,12772,6633881,37.5624,0.84023,9.63928,2.40374,1.69793,1.05152,65.3004,1.18573,NB685,738.282,1129.47,20.777
202,18709,150.55024,1.943743,red_NightlyR11.paucam.12772.1003.0141.FT_NB615_NB685.2469553.std.01.fits,12772,6633881,7.99305,2.8806,3.21578,1.63213,0.89502,0.857187,29.9788,1.18573,NB685,1122.71,1048.02,22.222
203,35238,150.55732,1.984224,red_NightlyR11.paucam.12772.1003.0141.FT_NB615_NB685.2469553.std.01.fits,12772,6633881,15.4253,2.5065,3.69433,1.80965,1.05236,0.947504,27.6747,1.18573,NB685,560.792,1140.49,22.44
204,18652,150.55035,1.94699,red_NightlyR11.paucam.12772.1003.0141.FT_NB615_NB685.2469553.std.01.fits,12772,6633881,17.561,1.0954,0.266829,1.73244,1.10636,0.878303,64.1863,1.18573,NB685,1077.67,1049.13,22.381
205,35485,150.54822,1.964963,red_NightlyR11.paucam.12772.1003.0141.FT_NB615_NB685.2469553.std.01.fits,12772,6633881,8.12922,0.68949,2.57606,1.61039,0.895948,0.857098,19.9959,1.18573,NB685,827.34,1017.14,22.433
206,18617,150.5455,1.951023,red_NightlyR11.paucam.12772.1003.0141.FT_NB615_NB685.2469553.std.01.fits,12772,6633881,6.54416,3.495,7.86956,1.74734,0.976624,0.976306,61.5011,1.18573,NB685,1020.65,981.385,21.384
207,35428,150.54765,1.967986,red_NightlyR11.paucam.12772.1003.0141.FT_NB615_NB685.2469553.std.01.fits,12772,6633881,33.1586,2.2474,20.1299,2.29681,1.55798,0.961082,-24.582,1.18573,NB685,785.108,1008.79,19.954
208,35099,150.55122,1.994474,red_NightlyR11.paucam.12772.1003.0141.FT_NB615_NB685.2469553.std.01.fits,12772,6633881,23.7379,1.1995,7.09035,2.2323,1.27251,1.14719,-65.2844,1.18573,NB685,416.069,1054.19,21.507
209,18528,150.54339,1.958793,red_NightlyR11.paucam.12772.1003.0141.FT_NB615_NB685.2469553.std.01.fits,12772,6633881,13.7263,1.1791,2.18702,1.64945,1.00883,0.884581,17.5458,1.18573,NB685,912.16,951.03,21.804
210,18667,150.5391,1.947312,red_NightlyR11.paucam.12772.1003.0141.FT_NB615_NB685.2469553.std.01.fits,12772,6633881,26.5758,0.74892,-0.149448,2.00446,1.3577,0.897542,-25.4936,1.18573,NB685,1070.85,893.132,22.008
211,35431,150.54072,1.969808,red_NightlyR11.paucam.12772.1003.0141.FT_NB615_NB685.2469553.std.01.fits,12772,6633881,21.3738,1.1055,4.6319,2.00597,1.20833,1.05463,32.7061,1.18573,NB685,758.144,912.312,21.703
212,35430,150.53911,1.968626,red_NightlyR11.paucam.12772.1003.0141.FT_NB615_NB685.2469553.std.01.fits,12772,6633881,31.0407,1.4262,-0.178671,2.10328,1.49373,0.934035,31.5261,1.18573,NB685,774.251,890.13,21.881
213,33209,150.53795,1.964645,red_NightlyR11.paucam.12772.1003.0141.FT_NB615_NB685.2469553.std.01.fits,12772,6633881,19.8024,1.1352,3.60659,1.93316,1.15946,0.979723,-72.4498,1.18573,NB685,829.465,874.633,21.535
214,35091,150.54217,1.993336,red_NightlyR11.paucam.12772.1003.0141.FT_NB615_NB685.2469553.std.01.fits,12772,6633881,55.6855,1.1226,10.2344,2.79566,2.30654,0.918194,25.0309,1.18573,NB685,429.785,928.588,20.53
215,18611,150.53449,1.952523,red_NightlyR11.paucam.12772.1003.0141.FT_NB615_NB685.2469553.std.01.fits,12772,6633881,21.042,2.9718,3.91894,1.93619,1.19877,0.977122,77.8151,1.18573,NB685,997.415,828.394,22.013
216,17088,150.58239,1.925994,red_NightlyR11.paucam.12772.1003.0141.FT_NB615_NB685.2469553.std.01.fits,12772,6633881,26.7007,0.91853,2.76075,2.28606,1.36246,1.26933,-9.697,1.18573,NB685,1374.32,1493.94,22.011
217,17393,150.57738,1.898475,red_NightlyR11.paucam.12772.1003.0141.FT_NB615_NB685.2469553.std.01.fits,12772,6633881,21.9691,0.858,2.84293,1.83007,1.21917,0.893432,-44.87,1.18573,NB685,1753.04,1427.22,22.433
218,17155,150.57972,1.919146,red_NightlyR11.paucam.12772.1003.0141.FT_NB615_NB685.2469553.std.01.fits,12772,6633881,27.8998,1.1291,18.25,2.33838,1.40047,1.21838,-65.3164,1.18573,NB685,1468.45,1457.77,20.33
219,17406,150.57445,1.896287,red_NightlyR11.paucam.12772.1003.0141.FT_NB615_NB685.2469553.std.01.fits,12772,6633881,9.34463,4.5088,10.9135,1.77332,1.062,0.926396,3.2878,1.18573,NB685,1782.72,1387.04,21.007
220,16958,150.58052,1.936594,red_NightlyR11.paucam.12772.1003.0141.FT_NB615_NB685.2469553.std.01.fits,12772,6633881,36.5066,3.2418,23.1695,4.57645,1.66412,1.18324,-83.7822,1.18573,NB685,1227.44,1467.18,19.884
221,16960,150.58059,1.93536,red_NightlyR11.paucam.12772.1003.0141.FT_NB615_NB685.2469553.std.01.fits,12772,6633881,74.498,0.56279,6.69613,4.62136,2.96742,1.50916,5.5921,1.18573,NB685,1244.52,1468.26,21.517
222,16959,150.58029,1.935667,red_NightlyR11.paucam.12772.1003.0141.FT_NB615_NB685.2469553.std.01.fits,12772,6633881,27.6074,0.8201,6.50558,2.30613,1.37881,0.968124,43.9107,1.18573,NB685,1240.23,1464.1,21.094
223,17147,150.57665,1.920234,red_NightlyR11.paucam.12772.1003.0141.FT_NB615_NB685.2469553.std.01.fits,12772,6633881,40.0721,1.3595,5.52953,2.69749,1.77852,1.33271,-14.2287,1.18573,NB685,1452.92,1415.38,21.536
224,17311,150.56968,1.906433,red_NightlyR11.paucam.12772.1003.0141.FT_NB615_NB685.2469553.std.01.fits,12772,6633881,39.1528,0.80446,4.87168,2.30535,1.7453,1.00603,9.8568,1.18573,NB685,1642.2,1320.52,21.535
225,17226,150.57067,1.915573,red_NightlyR11.paucam.12772.1003.0141.FT_NB615_NB685.2469553.std.01.fits,12772,6633881,13.3257,3.5046,10.9525,1.78765,1.00051,0.963176,-3.1517,1.18573,NB685,1516.28,1333.37,20.46
226,17106,150.57176,1.92556,red_NightlyR11.paucam.12772.1003.0141.FT_NB615_NB685.2469553.std.01.fits,12772,6633881,24.0849,0.39897,3.52253,1.95835,1.28048,0.949768,-37.52,1.18573,NB685,1378.52,1347.46,22.055
227,17379,150.56378,1.899283,red_NightlyR11.paucam.12772.1003.0141.FT_NB615_NB685.2469553.std.01.fits,12772,6633881,24.0849,1.274,9.17787,1.89304,1.28048,0.981096,-77.7754,1.18573,NB685,1739.8,1239.78,21.394
228,19365,150.561,1.889246,red_NightlyR11.paucam.12772.1003.0141.FT_NB615_NB685.2469553.std.01.fits,12772,6633881,14.0308,2.3764,4.01018,1.71436,1.02488,0.939781,-64.4071,1.18573,NB685,1877.57,1202.26,21.537
229,17168,150.56189,1.918048,red_NightlyR11.paucam.12772.1003.0141.FT_NB615_NB685.2469553.std.01.fits,12772,6633881,55.7395,2.0609,138.069,4.17814,2.30796,2.08348,18.1424,1.18573,NB685,1480.61,1211.99,18.138
230,17067,150.56122,1.928081,red_NightlyR11.paucam.12772.1003.0141.FT_NB615_NB685.2469553.std.01.fits,12772,6633881,11.5514,0.66043,7.33737,1.63806,0.964125,0.870125,-60.2292,1.18573,NB685,1341.8,1201.71,21.985
231,19088,150.55707,1.914127,red_NightlyR11.paucam.12772.1003.0141.FT_NB615_NB685.2469553.std.01.fits,12772,6633881,42.9479,0.78873,23.0608,2.93408,1.87184,1.45528,-26.4987,1.18573,NB685,1533.92,1145.82,20.606
232,19233,150.55246,1.90126,red_NightlyR11.paucam.12772.1003.0141.FT_NB615_NB685.2469553.std.01.fits,12772,6633881,15.9902,1.262,3.73647,1.68895,1.06341,0.879363,-52.0498,1.18573,NB685,1710.69,1083.38,21.75
233,18798,150.55281,1.936682,red_NightlyR11.paucam.12772.1003.0141.FT_NB615_NB685.2469553.std.01.fits,12772,6633881,14.0788,1.3576,6.19505,1.9863,1.21172,1.00594,14.9197,1.18573,NB685,1221.13,1084.47,21.44
234,19204,150.54462,1.901117,red_NightlyR11.paucam.12772.1003.0141.FT_NB615_NB685.2469553.std.01.fits,12772,6633881,15.31,1.1008,4.33085,1.70424,1.04856,0.896639,85.4267,1.18573,NB685,1711.33,975.034,21.951
235,19154,150.54535,1.908268,red_NightlyR11.paucam.12772.1003.0141.FT_NB615_NB685.2469553.std.01.fits,12772,6633881,16.4639,0.75696,5.64792,1.7212,1.07437,0.895921,-49.623,1.18573,NB685,1612.76,984.414,21.4
236,19205,150.5438,1.902492,red_NightlyR11.paucam.12772.1003.0141.FT_NB615_NB685.2469553.std.01.fits,12772,6633881,51.679,0.60933,2.69928,2.87083,2.16794,1.19303,-3.4437,1.18573,NB685,1692.21,963.558,21.619
237,18909,150.54397,1.922728,red_NightlyR11.paucam.12772.1003.0141.FT_NB615_NB685.2469553.std.01.fits,12772,6633881,19.0956,0.90941,5.61387,2.02604,1.13836,1.11859,75.1017,1.18573,NB685,1412.65,963.744,21.556
238,18915,150.54436,1.926116,red_NightlyR11.paucam.12772.1003.0141.FT_NB615_NB685.2469553.std.01.fits,12772,6633881,19.59,3.4087,24.669,1.90132,1.15588,0.897961,-34.1905,1.18573,NB685,1365.83,968.75,19.718
239,19069,150.53566,1.913198,red_NightlyR11.paucam.12772.1003.0141.FT_NB615_NB685.2469553.std.01.fits,12772,6633881,26.9545,0.49399,30.1786,2.32639,1.36569,1.13672,47.5147,1.18573,NB685,1542.87,849.736,19.837
240,19068,150.53576,1.91505,red_NightlyR11.paucam.12772.1003.0141.FT_NB615_NB685.2469553.std.01.fits,12772,6633881,21.9503,0.67549,1.41622,1.87178,1.21914,0.900143,-39.3754,1.18573,NB685,1517.28,850.91,22.152
241,18913,150.53719,1.925639,red_NightlyR11.paucam.12772.1003.0141.FT_NB615_NB685.2469553.std.01.fits,12772,6633881,15.8562,4.6411,17.5869,2.41585,1.26979,1.19226,39.7123,1.18573,NB685,1371.04,869.473,20.266
242,18880,150.53755,1.930697,red_NightlyR11.paucam.12772.1003.0141.FT_NB615_NB685.2469553.std.01.fits,12772,6633881,22.4356,1.0332,11.8451,1.93259,1.23876,0.919614,-56.8416,1.18573,NB685,1301.04,873.835,20.73
243,18733,150.53891,1.941915,red_NightlyR11.paucam.12772.1003.0141.FT_NB615_NB685.2469553.std.01.fits,12772,6633881,15.9075,1.5323,4.96234,1.81602,1.0607,0.93528,70.4517,1.18573,NB685,1145.75,891.233,21.514
244,19326,150.52973,1.890006,red_NightlyR11.paucam.12772.1003.0141.FT_NB615_NB685.2469553.std.01.fits,12772,6633881,40.4752,0.71049,4.73904,2.39198,1.79595,0.948502,-40.539,1.18573,NB685,1861.97,770.038,21.658
245,19327,150.52864,1.890639,red_NightlyR11.paucam.12772.1003.0141.FT_NB615_NB685.2469553.std.01.fits,12772,6633881,51.642,2.0525,228.021,3.73414,2.63242,1.27419,48.7042,1.18573,NB685,1853.05,754.875,17.686
246,19260,150.53035,1.899358,red_NightlyR11.paucam.12772.1003.0141.FT_NB615_NB685.2469553.std.01.fits,12772,6633881,38.0246,0.36586,6.69435,2.53345,1.71404,1.10685,-41.5647,1.18573,NB685,1733.07,777.674,21.523
247,18754,150.53555,1.93932,red_NightlyR11.paucam.12772.1003.0141.FT_NB615_NB685.2469553.std.01.fits,12772,6633881,14.3634,2.4149,0.69447,2.10978,1.21814,1.11721,-51.7208,1.18573,NB685,1181.06,844.969,21.595
248,19380,150.53162,1.886729,red_NightlyR11.paucam.12772.1003.0141.FT_NB615_NB685.2469553.std.01.fits,12772,6633881,17.8025,1.5562,9.30038,1.9915,1.11137,1.06053,1.81,1.18573,NB685,1907.47,796.53,20.771
249,35305,150.53447,1.977466,red_NightlyR11.paucam.12772.1003.0141.FT_NB615_NB685.2469553.std.01.fits,12772,6633881,21.8604,3.1543,14.5256,2.53581,1.46802,1.27135,12.6251,1.18573,NB685,649.805,824.194,19.908
250,35183,150.53547,1.98614,red_NightlyR11.paucam.12772.1003.0141.FT_NB615_NB685.2469553.std.01.fits,12772,6633881,13.7688,3.2307,6.03204,2.07813,1.20313,1.02584,9.7779,1.18573,NB685,528.817,836.624,20.884
251,35318,150.53354,1.979499,red_NightlyR11.paucam.12772.1003.0141.FT_NB615_NB685.2469553.std.01.fits,12772,6633881,32.0701,0.64788,11.4383,2.49488,1.51913,1.18964,56.5619,1.18573,NB685,621.179,810.911,20.494
252,18569,150.52559,1.954783,red_NightlyR11.paucam.12772.1003.0141.FT_NB615_NB685.2469553.std.01.fits,12772,6633881,23.9817,2.556,5.96194,2.82594,1.53975,1.40803,84.3414,1.18573,NB685,963.956,704.344,21.009
253,35287,150.52955,1.979983,red_NightlyR11.paucam.12772.1003.0141.FT_NB615_NB685.2469553.std.01.fits,12772,6633881,12.691,1.5134,3.66938,1.78906,0.983039,0.89913,57.68,1.18573,NB685,613.428,755.288,22.055
254,18654,150.52384,1.948617,red_NightlyR11.paucam.12772.1003.0141.FT_NB615_NB685.2469553.std.01.fits,12772,6633881,21.2836,0.472,3.49397,2.09727,1.2056,0.953624,-89.5241,1.18573,NB685,1049.34,680.952,22.29
255,35296,150.52633,1.975866,red_NightlyR11.paucam.12772.1003.0141.FT_NB615_NB685.2469553.std.01.fits,12772,6633881,10.474,1.484,1.69016,2.07264,1.10265,1.03663,-84.7783,1.18573,NB685,670.151,711.163,22.159
256,33221,150.52299,1.961095,red_NightlyR11.paucam.12772.1003.0141.FT_NB615_NB685.2469553.std.01.fits,12772,6633881,20.7964,0.58646,11.9832,2.14522,1.19171,0.976069,64.355,1.18573,NB685,875.431,667.15,20.512
257,35496,150.52341,1.963998,red_NightlyR11.paucam.12772.1003.0141.FT_NB615_NB685.2469553.std.01.fits,12772,6633881,21.5459,0.59216,-0.226597,2.22575,1.21183,1.02714,-63.442,1.18573,NB685,835.065,672.518,22.442
258,35302,150.52524,1.974425,red_NightlyR11.paucam.12772.1003.0141.FT_NB615_NB685.2469553.std.01.fits,12772,6633881,15.1252,2.2766,3.58111,1.96298,1.04059,0.919516,-21.0078,1.18573,NB685,690.008,696.231,22.113
259,35074,150.52774,1.996035,red_NightlyR11.paucam.12772.1003.0141.FT_NB615_NB685.2469553.std.01.fits,12772,6633881,9.2794,3.8834,3.25249,2.07295,1.06065,1.03672,-25.7402,1.18573,NB685,388.261,727.138,22.334
260,35304,150.52235,1.974813,red_NightlyR11.paucam.12772.1003.0141.FT_NB615_NB685.2469553.std.01.fits,12772,6633881,40.5708,3.9005,112.522,4.40414,2.16796,1.98091,-42.9633,1.18573,NB685,683.864,655.897,18.28
261,35097,150.52625,1.993865,red_NightlyR11.paucam.12772.1003.0141.FT_NB615_NB685.2469553.std.01.fits,12772,6633881,23.3472,0.91797,5.34486,2.1846,1.26346,0.96877,63.9044,1.18573,NB685,418.285,706.772,21.924
262,35052,150.52466,1.997985,red_NightlyR11.paucam.12772.1003.0141.FT_NB615_NB685.2469553.std.01.fits,12772,6633881,11.9366,4.1981,7.66131,2.28933,1.13801,1.1368,-16.1896,1.18573,NB685,360.088,683.799,20.709
263,35190,150.52154,1.985577,red_NightlyR11.paucam.12772.1003.0141.FT_NB615_NB685.2469553.std.01.fits,12772,6633881,43.4474,2.0109,29.6582,2.92232,1.8905,1.08366,72.9583,1.18573,NB685,533.131,642.645,19.506
264,35473,150.51847,1.96581,red_NightlyR11.paucam.12772.1003.0141.FT_NB615_NB685.2469553.std.01.fits,12772,6633881,27.4084,1.4651,4.17664,2.49141,1.37454,1.12806,41.1748,1.18573,NB685,808.585,603.394,21.479
265,35004,150.5239,2.000905,red_NightlyR11.paucam.12772.1003.0141.FT_NB615_NB685.2469553.std.01.fits,12772,6633881,19.1107,0.70826,4.61661,2.30308,1.13924,1.13528,-53.7891,1.18573,NB685,318.906,672.617,21.584
266,35286,150.51944,1.980492,red_NightlyR11.paucam.12772.1003.0141.FT_NB615_NB685.2469553.std.01.fits,12772,6633881,9.50324,1.7453,2.29669,1.82224,0.920619,0.897501,52.9965,1.18573,NB685,603.735,614.298,21.859
267,35504,150.51606,1.963764,red_NightlyR11.paucam.12772.1003.0141.FT_NB615_NB685.2469553.std.01.fits,12772,6633881,18.7269,0.81427,3.95712,1.98281,1.13245,0.985353,-35.1258,1.18573,NB685,836.531,570.153,21.924
268,18664,150.50938,1.947495,red_NightlyR11.paucam.12772.1003.0141.FT_NB615_NB685.2469553.std.01.fits,12772,6633881,14.242,4.1967,-1.07909,2.31296,1.21389,1.17736,54.5652,1.18573,NB685,1061.58,479.757,22.224
269,35282,150.51498,1.980007,red_NightlyR11.paucam.12772.1003.0141.FT_NB615_NB685.2469553.std.01.fits,12772,6633881,16.0497,1.6706,4.33873,1.91678,1.06591,0.966738,11.3708,1.18573,NB685,609.352,552.155,20.854
270,35243,150.51487,1.983035,red_NightlyR11.paucam.12772.1003.0141.FT_NB615_NB685.2469553.std.01.fits,12772,6633881,16.7755,1.3226,5.57173,1.92805,1.08177,0.917049,38.0011,1.18573,NB685,566.949,550.044,21.399
271,35310,150.51258,1.977093,red_NightlyR11.paucam.12772.1003.0141.FT_NB615_NB685.2469553.std.01.fits,12772,6633881,20.7825,0.58119,8.77223,1.96939,1.1915,0.89222,-4.6108,1.18573,NB685,649.478,519.198,22.054
272,35491,150.50958,1.963852,red_NightlyR11.paucam.12772.1003.0141.FT_NB615_NB685.2469553.std.01.fits,12772,6633881,11.3683,2.8058,0.14952,2.03563,1.12814,1.08327,-61.4435,1.18573,NB685,833.677,479.747,21.762
273,35308,150.51084,1.975395,red_NightlyR11.paucam.12772.1003.0141.FT_NB615_NB685.2469553.std.01.fits,12772,6633881,7.25924,3.6135,1.48382,1.62532,0.883242,0.834967,-39.7356,1.18573,NB685,672.764,495.221,22.282
274,33215,150.50761,1.961312,red_NightlyR11.paucam.12772.1003.0141.FT_NB615_NB685.2469553.std.01.fits,12772,6633881,35.6454,0.44585,-0.981208,2.37331,1.63911,0.98461,83.7649,1.18573,NB685,868.619,452.702,21.24
275,35451,150.50483,1.967872,red_NightlyR11.paucam.12772.1003.0141.FT_NB615_NB685.2469553.std.01.fits,12772,6633881,6.86425,4.3409,3.42761,1.83313,0.983748,0.932863,77.8347,1.18573,NB685,776.324,412.68,21.705
276,35033,150.51023,1.999748,red_NightlyR11.paucam.12772.1003.0141.FT_NB615_NB685.2469553.std.01.fits,12772,6633881,32.8539,1.4763,1.33701,2.34786,1.55064,0.979606,27.8023,1.18573,NB685,331.314,481.826,21.588
277,35034,150.50968,1.999361,red_NightlyR11.paucam.12772.1003.0141.FT_NB615_NB685.2469553.std.01.fits,12772,6633881,26.8876,1.1255,3.89652,2.2436,1.36507,0.999273,-67.044,1.18573,NB685,336.592,474.213,21.916
278,20583,150.50209,1.958886,red_NightlyR11.paucam.12772.1003.0141.FT_NB615_NB685.2469553.std.01.fits,12772,6633881,30.0392,0.68776,7.98637,2.51096,1.46132,1.18709,-57.1062,1.18573,NB685,901.057,376.048,22.311
279,35168,150.50628,1.988814,red_NightlyR11.paucam.12772.1003.0141.FT_NB615_NB685.2469553.std.01.fits,12772,6633881,21.408,0.70007,9.79617,2.23353,1.20916,1.11715,-29.7885,1.18573,NB685,483.637,428.846,20.795
280,18628,150.49871,1.951395,red_NightlyR11.paucam.12772.1003.0141.FT_NB615_NB685.2469553.std.01.fits,12772,6633881,23.829,0.64776,7.13701,2.35408,1.27373,1.23028,-18.4933,1.18573,NB685,1004.65,330.16,21.263
281,35380,150.50226,1.971865,red_NightlyR11.paucam.12772.1003.0141.FT_NB615_NB685.2469553.std.01.fits,12772,6633881,15.8783,2.0075,-0.278684,2.21807,1.27028,1.05973,62.3952,1.18573,NB685,719.838,375.998,21.777
282,35490,150.49996,1.964658,red_NightlyR11.paucam.12772.1003.0141.FT_NB615_NB685.2469553.std.01.fits,12772,6633881,39.1054,0.78859,2.92816,2.77655,1.74506,1.24717,61.718,1.18573,NB685,819.936,345.212,21.88
283,20571,150.49484,1.957723,red_NightlyR11.paucam.12772.1003.0141.FT_NB615_NB685.2469553.std.01.fits,12772,6633881,10.2234,0.46988,3.02948,1.69965,0.933956,0.877623,2.3727,1.18573,NB685,915.408,274.904,22.353
284,35203,150.49848,1.985565,red_NightlyR11.paucam.12772.1003.0141.FT_NB615_NB685.2469553.std.01.fits,12772,6633881,23.2399,0.94135,6.12624,2.05121,1.2597,0.93542,75.1885,1.18573,NB685,526.979,320.338,21.409
285,35440,150.49509,1.970207,red_NightlyR11.paucam.12772.1003.0141.FT_NB615_NB685.2469553.std.01.fits,12772,6633881,13.1845,0.69976,0.0781602,1.87155,0.993183,0.932218,-28.1821,1.18573,NB685,741.078,276.003,21.863
286,35045,150.49181,1.999056,red_NightlyR11.paucam.12772.1003.0141.FT_NB615_NB685.2469553.std.01.fits,12772,6633881,22.3304,0.78445,0.184847,2.11183,1.23055,1.0006,-52.7634,1.18573,NB685,335.568,223.84,22.249
287,35008,150.49161,2.001194,red_NightlyR11.paucam.12772.1003.0141.FT_NB615_NB685.2469553.std.01.fits,12772,6633881,25.3551,0.96248,5.21375,2.31959,1.31932,1.10657,26.8544,1.18573,NB685,305.432,220.537,21.242
288,35172,150.48911,1.989045,red_NightlyR11.paucam.12772.1003.0141.FT_NB615_NB685.2469553.std.01.fits,12772,6633881,17.8554,0.46879,-0.179959,1.94403,1.11346,0.919308,-55.4416,1.18573,NB685,475.416,188.212,22.404
289,18590,150.48094,1.953437,red_NightlyR11.paucam.12772.1003.0141.FT_NB615_NB685.2469553.std.01.fits,12772,6633881,30.781,0.2,4.45719,2.20259,1.48394,0.872305,12.0024,1.18573,NB685,971.531,81.0412,22.03
290,35163,150.48601,1.989059,red_NightlyR11.paucam.12772.1003.0141.FT_NB615_NB685.2469553.std.01.fits,12772,6633881,12.3448,2.0525,1.32626,2.03597,1.15554,0.968284,61.6228,1.18573,NB685,474.287,144.687,21.96
291,19152,150.52084,1.908004,red_NightlyR11.paucam.12772.1003.0141.FT_NB615_NB685.2469553.std.01.fits,12772,6633881,15.5174,1.2232,-1.04194,2.11142,1.05452,0.95272,-32.7224,1.18573,NB685,1611.84,644.785,22.38
292,19062,150.52198,1.918317,red_NightlyR11.paucam.12772.1003.0141.FT_NB615_NB685.2469553.std.01.fits,12772,6633881,26.7317,1.4354,11.5934,2.58964,1.36367,1.20532,-15.883,1.18573,NB685,1469.37,659.342,20.868
293,19312,150.51149,1.894179,red_NightlyR11.paucam.12772.1003.0141.FT_NB615_NB685.2469553.std.01.fits,12772,6633881,27.7853,2.0808,11.7165,2.24255,1.397,1.02737,-11.1726,1.18573,NB685,1801.08,516.522,21.186
294,19180,150.51218,1.905177,red_NightlyR11.paucam.12772.1003.0141.FT_NB615_NB685.2469553.std.01.fits,12772,6633881,10.6855,3.1361,-0.0625008,1.95608,1.10649,0.983777,17.9255,1.18573,NB685,1649.23,524.807,21.86
295,19143,150.51107,1.909745,red_NightlyR11.paucam.12772.1003.0141.FT_NB615_NB685.2469553.std.01.fits,12772,6633881,23.0266,1.7996,4.70324,2.30725,1.25454,1.16707,-72.5637,1.18573,NB685,1585.81,508.797,21.673
296,19255,150.50928,1.899386,red_NightlyR11.paucam.12772.1003.0141.FT_NB615_NB685.2469553.std.01.fits,12772,6633881,12.67,3.8867,5.36514,2.00513,1.16371,1.02917,-15.0681,1.18573,NB685,1728.72,485.19,21.591
297,18771,150.51303,1.939179,red_NightlyR11.paucam.12772.1003.0141.FT_NB615_NB685.2469553.std.01.fits,12772,6633881,16.3057,0.57309,2.71739,1.84069,1.07143,0.93783,-86.2938,1.18573,NB685,1178.08,531.937,21.905
298,18785,150.50851,1.937689,red_NightlyR11.paucam.12772.1003.0141.FT_NB615_NB685.2469553.std.01.fits,12772,6633881,18.0415,0.91725,6.19462,2.04846,1.11839,1.07323,-52.8209,1.18573,NB685,1197.75,469.194,22.179
299,19141,150.50324,1.909793,red_NightlyR11.paucam.12772.1003.0141.FT_NB615_NB685.2469553.std.01.fits,12772,6633881,4.65893,4.5315,3.25809,1.69038,0.923648,0.895234,79.4885,1.18573,NB685,1583.53,399.809,22.382
300,19031,150.50317,1.917877,red_NightlyR11.paucam.12772.1003.0141.FT_NB615_NB685.2469553.std.01.fits,12772,6633881,6.72611,3.0669,-0.658051,1.8296,0.980739,0.972859,-59.7671,1.18573,NB685,1471.53,397.72,22.544
301,19017,150.50245,1.919194,red_NightlyR11.paucam.12772.1003.0141.FT_NB615_NB685.2469553.std.01.fits,12772,6633881,14.2664,1.1907,1.78931,1.82888,1.02927,0.919777,-61.0023,1.18573,NB685,1453.11,387.499,22.611
302,18829,150.50445,1.936647,red_NightlyR11.paucam.12772.1003.0141.FT_NB615_NB685.2469553.std.01.fits,12772,6633881,9.86738,0.915,0.717573,1.6793,0.930921,0.869453,-25.5536,1.18573,NB685,1211.29,412.754,22.112
303,18750,150.50255,1.93931,red_NightlyR11.paucam.12772.1003.0141.FT_NB615_NB685.2469553.std.01.fits,12772,6633881,18.9258,0.43661,5.23424,2.0792,1.13651,1.07385,-49.725,1.18573,NB685,1173.82,385.824,22.024
304,18702,150.5033,1.943828,red_NightlyR11.paucam.12772.1003.0141.FT_NB615_NB685.2469553.std.01.fits,12772,6633881,16.0643,0.69046,6.05818,1.97407,1.06653,1.02518,-23.4265,1.18573,NB685,1111.16,395.55,21.591
305,18749,150.50213,1.937681,red_NightlyR11.paucam.12772.1003.0141.FT_NB615_NB685.2469553.std.01.fits,12772,6633881,10.6997,1.2416,1.1453,1.73306,0.942737,0.913735,16.26,1.18573,NB685,1196.38,380.226,22.303
306,19179,150.49486,1.905643,red_NightlyR11.paucam.12772.1003.0141.FT_NB615_NB685.2469553.std.01.fits,12772,6633881,17.4313,0.69331,-0.849102,2.04683,1.31868,0.996384,-84.973,1.18573,NB685,1639.23,283.578,22.359
307,19232,150.49265,1.899523,red_NightlyR11.paucam.12772.1003.0141.FT_NB615_NB685.2469553.std.01.fits,12772,6633881,17.0055,3.8188,3.68924,2.24268,1.30399,1.1822,13.0118,1.18573,NB685,1723.48,253.577,20.711
308,18692,150.49899,1.944129,red_NightlyR11.paucam.12772.1003.0141.FT_NB615_NB685.2469553.std.01.fits,12772,6633881,30.3799,0.96706,12.789,2.41861,1.46856,1.1162,-69.3681,1.18573,NB685,1105.92,335.329,21.22
309,19110,150.49287,1.912229,red_NightlyR11.paucam.12772.1003.0141.FT_NB615_NB685.2469553.std.01.fits,12772,6633881,24.6077,0.80719,7.35878,2.23341,1.29103,1.15638,-2.9714,1.18573,NB685,1547.57,254.891,21.184
310,18808,150.49469,1.9363,red_NightlyR11.paucam.12772.1003.0141.FT_NB615_NB685.2469553.std.01.fits,12772,6633881,23.0115,0.59804,1.58742,2.00813,1.25421,0.933752,4.1019,1.18573,NB685,1213.81,276.577,22.43
311,19092,150.48953,1.914035,red_NightlyR11.paucam.12772.1003.0141.FT_NB615_NB685.2469553.std.01.fits,12772,6633881,14.2075,3.1512,3.07396,2.06327,1.21272,1.08204,71.1058,1.18573,NB685,1521.79,207.997,21.67
312,18966,150.4883,1.918103,red_NightlyR11.paucam.12772.1003.0141.FT_NB615_NB685.2469553.std.01.fits,12772,6633881,26.9949,1.5724,4.03951,2.69745,1.64826,1.27613,-15.5282,1.18573,NB685,1465.09,190.201,21.271
313,18841,150.4886,1.934306,red_NightlyR11.paucam.12772.1003.0141.FT_NB615_NB685.2469553.std.01.fits,12772,6633881,7.88082,3.2441,1.16075,1.82068,1.02807,0.908766,56.4992,1.18573,NB685,1240.06,191.785,22.194
314,18767,150.48785,1.937437,red_NightlyR11.paucam.12772.1003.0141.FT_NB615_NB685.2469553.std.01.fits,12772,6633881,19.911,2.8039,4.78154,2.49272,1.40385,1.29807,-67.0307,1.18573,NB685,1196.32,180.76,21.225
315,18768,150.48747,1.936493,red_NightlyR11.paucam.12772.1003.0141.FT_NB615_NB685.2469553.std.01.fits,12772,6633881,65.2261,0.90891,17.4035,3.86744,2.64028,1.50497,-46.5799,1.18573,NB685,1209.36,175.607,20.796
316,18766,150.48768,1.939825,red_NightlyR11.paucam.12772.1003.0141.FT_NB615_NB685.2469553.std.01.fits,12772,6633881,25.8589,0.60517,5.60763,2.05317,1.34003,0.86981,-64.035,1.18573,NB685,1163.04,177.966,21.919
317,18925,150.48253,1.929359,red_NightlyR11.paucam.12772.1003.0141.FT_NB615_NB685.2469553.std.01.fits,12772,6633881,7.19854,1.4887,5.93543,1.61903,0.882146,0.848236,88.4125,1.18573,NB685,1307.38,107.695,22.359
318,18631,150.48362,1.950405,red_NightlyR11.paucam.12772.1003.0141.FT_NB615_NB685.2469553.std.01.fits,12772,6633881,27.9368,1.1968,12.006,2.2828,1.40146,1.03462,18.8206,1.18573,NB685,1014.56,119.19,20.468
319,19432,150.52061,1.884897,red_NightlyR11.paucam.12772.1003.0141.FT_NB615_NB685.2469553.std.01.fits,12772,6633881,17.2678,0.67172,2.97641,2.16079,1.10193,1.06068,-34.9233,1.18573,NB685,1930.82,644.131,22.106
320,19462,150.51747,1.882647,red_NightlyR11.paucam.12772.1003.0141.FT_NB615_NB685.2469553.std.01.fits,12772,6633881,25.6013,1.7392,-3.85436,2.43736,1.32732,0.948593,-88.5907,1.18573,NB685,1961.28,600.796,22.42
321,19313,150.51275,1.892986,red_NightlyR11.paucam.12772.1003.0141.FT_NB615_NB685.2469553.std.01.fits,12772,6633881,9.16837,2.6153,2.11104,1.91586,1.05874,1.02907,50.0073,1.18573,NB685,1817.79,534.165,22.292
322,19387,150.50996,1.887957,red_NightlyR11.paucam.12772.1003.0141.FT_NB615_NB685.2469553.std.01.fits,12772,6633881,30.55,0.24371,5.29697,2.28599,1.47196,0.933151,18.9443,1.18573,NB685,1886.69,495.956,21.651
323,19297,150.49659,1.894852,red_NightlyR11.paucam.12772.1003.0141.FT_NB615_NB685.2469553.std.01.fits,12772,6633881,36.7507,1.0123,12.9792,2.56757,1.66723,1.21917,6.1182,1.18573,NB685,1788.88,309.104,20.801
324,19447,150.48464,1.882638,red_NightlyR11.paucam.12772.1003.0141.FT_NB615_NB685.2469553.std.01.fits,12772,6633881,21.9764,0.92741,-134.413,2.04443,1.21919,0.968047,-59.8536,1.18573,NB685,1955.31,143.968,21.126
325,34840,150.48377,2.010596,red_NightlyR11.paucam.12772.1003.0141.FT_NB615_NB685.2469553.std.01.fits,12772,6633881,48.4502,0.76397,15.8854,2.75801,2.05304,0.919796,-80.9419,1.18573,NB685,170.489,108.056,20.187
326,34994,150.48247,2.001733,red_NightlyR11.paucam.12772.1003.0141.FT_NB615_NB685.2469553.std.01.fits,12772,6633881,6.80078,2.4857,4.35158,1.87945,0.983157,0.937057,71.9725,1.18573,NB685,294.971,91.9564,22.056
